Name,ID,X,Y
Beauceville,RIFT_C6,-70.776884,46.210977
St.Joseph,RIFT_C7,-70.885852,46.308021
Valee Junction,RIFT_C8,-70.930019,46.375361
Saint Marie,RIFT_C9,-71.025066,46.438511